Time [us],MIDI IN 2-Piano,MIDI IN 3-PC
0,1,1
2297011,0,1
2297172,1,1
2297235,0,1
2297268,1,1
2297330,0,1
2297620,1,1
2297650,0,1
2297684,1,1
2297714,0,1
2297780,1,1
2297906,0,1
2297940,1,1
2297970,0,1
2297998,0,1
2298132,1,1
2298161,1,1
2298194,0,1
2298223,0,1
2298228,1,1
2298254,1,1
2298290,0,1
2298320,0,1
2298484,1,1
2298514,0,1
2298580,1,1
2298606,1,1
2298610,0,1
2298637,0,1
2298672,0,1
2298703,0,1
2298769,0,1
2298897,0,1
2298900,1,1
2298928,1,1
2298930,0,1
2298959,0,1
2299118,0,1
2299156,1,1
2299184,1,1
2299215,1,1
2299250,0,1
2299280,0,1
2299470,0,1
2299501,0,1
2299539,1,1
2299567,1,1
2299570,0,1
2299598,0,1
2299731,1,1
2299793,0,1
2299827,1,1
2299889,0,1
2299920,0,1
2299923,1,1
2300017,0,1
2300144,0,1
2300179,1,1
2300209,0,1
2300237,0,1
2300243,1,1
2300465,0,1
2300499,1,1
2300528,1,1
2300529,0,1
2300559,0,1
2300691,1,1
2300717,1,1
2300753,0,1
2300783,0,1
2300787,1,1
2300814,1,1
2300849,0,1
2300880,0,1
2300883,1,1
2300911,1,1
2300945,0,1
2300979,1,1
2301008,1,1
2301105,0,1
2301138,1,1
2301167,1,1
2301169,0,1
2301198,0,1
2301229,0,1
2301453,0,1
2301458,1,1
2301484,1,1
2301489,0,1
2301519,0,1
2301522,1,1
2301552,0,1
2301650,1,1
2301678,1,1
2301713,0,1
2301744,0,1
2301746,1,1
2301775,1,1
2301808,0,1
2301837,0,1
2301842,1,1
2301872,1,1
2301904,0,1
2301934,0,1
2301938,1,1
2301965,1,1
2302064,0,1
2302093,0,1
2302098,1,1
2302127,1,1
2302128,0,1
2302158,0,1
2302418,1,1
2302445,1,1
2302448,0,1
2302480,0,1
2302482,1,1
2302511,1,1
2302512,0,1
2302542,0,1
2302610,1,1
2302639,1,1
2302672,0,1
2302701,0,1
2302706,1,1
2302736,1,1
2302768,0,1
2302798,0,1
2302829,0,1
2302894,0,1
2302925,0,1
2302994,1,1
2303024,0,1
2303053,0,1
2303057,1,1
2303084,1,1
2303088,0,1
2303119,0,1
2303377,1,1
2303406,1,1
2303408,0,1
2303437,0,1
2303472,0,1
2303503,0,1
2303569,1,1
2303599,1,1
2303632,0,1
2303661,0,1
2303665,1,1
2303692,1,1
2303727,0,1
2303758,0,1
2303983,0,1
2304014,0,1
2304017,1,1
2304045,1,1
2304047,0,1
2304076,0,1
2304081,1,1
2304111,0,1
2304177,1,1
2304303,0,1
2304337,1,1
2304366,1,1
2304367,0,1
2304397,0,1
2304529,1,1
2304556,1,1
2304591,0,1
2304622,0,1
2304625,1,1
2304653,1,1
2304687,0,1
2304719,0,1
2304880,1,1
2304911,0,1
2304976,1,1
2305005,1,1
2305007,0,1
2305036,0,1
2305067,0,1
2305102,0,1
2305164,0,1
2305292,0,1
2305296,1,1
2305327,0,1
2305358,0,1
2305517,0,1
2305552,1,1
2305583,1,1
2305614,1,1
2305646,0,1
2305676,0,1
2305869,0,1
2305900,0,1
2305936,1,1
2305966,0,1
2305997,0,1
2306128,1,1
2306190,0,1
2306224,1,1
2306284,1,1
2306286,0,1
2306319,0,1
2306320,1,1
2306414,0,1
2306539,0,1
2306576,1,1
2306606,0,1
2306636,0,1
2306640,1,1
2306862,0,1
2306895,1,1
2306926,0,1
2306927,0,1
2306958,0,1
2307088,1,1
2307117,1,1
2307150,0,1
2307182,0,1
2307183,1,1
2307213,1,1
2307246,0,1
2307279,0,1
2307310,0,1
2307407,0,1
2307535,1,1
2307565,0,1
2307566,0,1
2307597,0,1
2307599,1,1
2307628,1,1
2307629,0,1
2307695,1,1
2307821,0,1
2307853,0,1
2307855,1,1
2307885,0,1
2307887,0,1
2307918,0,1
2308047,1,1
2308077,1,1
2308109,0,1
2308143,1,1
2308174,1,1
2308205,0,1
2308236,0,1
2308399,1,1
2308429,0,1
2308495,1,1
2308525,0,1
2308527,0,1
2308558,0,1
2308589,0,1
2308619,0,1
2308685,0,1
2308813,0,1
2308815,1,1
2308844,1,1
2308845,0,1
2308879,0,1
2309038,0,1
2309070,1,1
2309100,1,1
2309135,1,1
2309165,0,1
2309197,0,1
2309390,0,1
2309421,0,1
2309454,1,1
2309483,1,1
2309484,0,1
2309518,0,1
2309646,1,1
2309708,0,1
2309742,1,1
2309804,0,1
2309805,0,1
2309836,0,1
2309838,1,1
2309932,0,1
2310060,0,1
2310094,1,1
2310124,0,1
2310157,0,1
2310158,1,1
2310380,0,1
2310414,1,1
2310444,1,1
2310475,1,1
2310638,1,1
2310700,1,1
2310734,1,1
2310796,1,1
2310827,1,1
2310924,1,1
2311083,1,1
2311118,1,1
2311149,1,1
2311374,1,1
2311405,1,1
2579037,0,1
2579103,1,1
2579365,1,1
2579431,1,1
2849060,0,1
2849125,1,1
2849387,1,1
2849453,1,1
3119068,0,1
3119134,1,1
3119400,1,1
3119462,1,1
3389095,0,1
3389161,1,1
3389424,1,1
3389490,1,1
3659130,0,1
3659195,1,1
3659458,1,1
3659524,1,1
3929116,0,1
3929182,1,1
3929443,1,1
3929509,1,1
4199148,0,1
4199214,1,1
4199478,1,1
4199540,1,1
4469159,0,1
4469225,1,1
4469487,1,1
4469553,1,1
4739184,0,1
4739249,1,1
4739510,1,1
4739576,1,1
5009198,0,1
5009264,1,1
5009531,1,1
5009593,1,1
5279211,0,1
5279276,1,1
5279536,1,1
5279602,1,1
5549225,0,1
5549291,1,1
5549553,1,1
5549619,1,1
5819262,0,1
5819327,1,1
5819588,1,1
5819654,1,1
6089256,0,1
6089322,1,1
6089589,1,1
6089651,1,1
6359271,0,1
6359336,1,1
6359598,1,1
6359664,1,1
6629293,0,1
6629359,1,1
6629623,1,1
6629685,1,1
6899298,0,1
6899363,1,1
6899629,1,1
6899691,1,1
7169314,0,1
7169380,1,1
7169643,1,1
7169709,1,1
7439347,0,1
7439413,1,1
7439680,1,1
7439745,1,1
7709359,0,1
7709425,1,1
7709692,1,1
7709754,1,1
7979364,0,1
7979430,1,1
7979693,1,1
7979759,1,1
8249395,0,1
8249460,1,1
8249724,1,1
8249786,1,1
8519409,0,1
8519475,1,1
8519737,1,1
8519803,1,1
8789424,0,1
8789489,1,1
8789751,1,1
8789817,1,1
9059444,0,1
9059510,1,1
9059772,1,1
9059837,1,1
9329457,0,1
9329522,1,1
9329783,1,1
9329849,1,1
9439021,0,1
9439182,1,1
9439213,0,1
9439278,1,1
9439341,0,1
9439438,1,1
9439564,0,1
9439630,1,1
9439660,0,1
9439758,1,1
9439788,0,1
9439822,1,1
9439884,0,1
9439950,1,1
9440012,1,1
9440171,1,1
9440202,1,1
9440268,1,1
9440330,1,1
9440427,1,1
9440555,1,1
9440617,1,1
9440652,1,1
9440744,1,1
9440779,1,1
9440810,1,1
9440876,1,1
9440938,1,1
9707478,0,1
9707544,1,1
9707805,1,1
9707871,1,1
9796359,0,1
9796520,1,1
9796551,0,1
9796617,1,1
9796679,0,1
9796744,1,1
9796903,0,1
9796968,1,1
9796999,0,1
9797032,1,1
9797063,0,1
9797096,1,1
9797223,0,1
9797288,1,1
9797351,1,1
9797510,1,1
9797545,1,1
9797607,1,1
9797673,1,1
9797735,1,1
9797893,1,1
9797959,1,1
9797990,1,1
9798021,1,1
9798056,1,1
9798087,1,1
9798215,1,1
9798277,1,1
9802988,0,1
9803245,1,1
9803307,0,1
9803405,1,1
9803531,0,1
9803597,1,1
9803627,0,1
9803853,1,1
9803883,0,1
9803917,1,1
9803975,1,1
9804231,1,1
9804296,1,1
9804393,1,1
9804521,1,1
9804583,1,1
9804614,1,1
9804839,1,1
9804874,1,1
9804905,1,1
10071503,0,1
10071569,1,1
10071829,1,1
10071895,1,1
10221085,0,1
10221342,1,1
10221404,0,1
10221470,1,1
10221628,0,1
10221694,1,1
10221724,0,1
10221950,1,1
10221980,0,1
10222014,1,1
10222077,1,1
10222333,1,1
10222395,1,1
10222460,1,1
10222619,1,1
10222685,1,1
10222716,1,1
10222941,1,1
10222972,1,1
10223003,1,1
10233808,0,1
10233970,1,1
10234000,0,1
10234066,1,1
10234128,0,1
10234354,1,1
10234384,0,1
10234418,1,1
10234448,0,1
10234482,1,1
10234512,0,1
10234546,1,1
10234672,0,1
10234737,1,1
10234794,1,1
10234957,1,1
10234988,1,1
10235049,1,1
10235115,1,1
10235340,1,1
10235371,1,1
10235402,1,1
10235433,1,1
10235468,1,1
10235499,1,1
10235530,1,1
10235658,1,1
10235723,1,1
10503535,0,1
10503601,1,1
10503864,1,1
10503930,1,1
10661411,0,1
10661572,1,1
10661603,0,1
10661668,1,1
10661731,0,1
10661796,1,1
10661954,0,1
10662020,1,1
10662050,0,1
10662084,1,1
10662114,0,1
10662180,1,1
10662274,0,1
10662340,1,1
10662400,1,1
10662559,1,1
10662590,1,1
10662655,1,1
10662717,1,1
10662783,1,1
10662942,1,1
10663008,1,1
10663039,1,1
10663070,1,1
10663105,1,1
10663167,1,1
10663264,1,1
10663326,1,1
10702100,0,1
10702358,1,1
10702420,0,1
10702645,1,1
10702676,0,1
10702709,1,1
10702740,0,1
10702965,1,1
10702996,0,1
10703029,1,1
10703088,1,1
10703343,1,1
10703409,1,1
10703634,1,1
10703665,1,1
10703696,1,1
10703727,1,1
10703951,1,1
10703986,1,1
10704017,1,1
10971717,0,1
10971782,1,1
10972045,1,1
10972111,1,1
11048094,0,1
11048255,1,1
11048286,0,1
11048351,1,1
11048413,0,1
11048511,1,1
11048637,0,1
11048703,1,1
11048733,0,1
11048767,1,1
11048861,0,1
11048895,1,1
11048957,0,1
11049023,1,1
11049080,1,1
11049242,1,1
11049273,1,1
11049335,1,1
11049401,1,1
11049498,1,1
11049626,1,1
11049688,1,1
11049719,1,1
11049754,1,1
11049851,1,1
11049882,1,1
11049944,1,1
11050009,1,1
11062035,0,1
11062292,1,1
11062354,0,1
11062420,1,1
11062578,0,1
11062644,1,1
11062674,0,1
11062900,1,1
11062930,0,1
11062964,1,1
11063021,1,1
11063277,1,1
11063343,1,1
11063405,1,1
11063567,1,1
11063629,1,1
11063660,1,1
11063885,1,1
11063920,1,1
11063951,1,1
11331577,0,1
11331643,1,1
11331909,1,1
11331971,1,1
11567310,0,1
11567567,1,1
11567629,0,1
11567727,1,1
11567853,0,1
11567919,1,1
11567949,0,1
11568175,1,1
11568205,0,1
11568239,1,1
11568301,1,1
11568556,1,1
11568618,1,1
11568715,1,1
11568843,1,1
11568909,1,1
11568940,1,1
11569165,1,1
11569196,1,1
11569226,1,1
11837608,0,1
11837673,1,1
11837941,1,1
11838003,1,1
12107632,0,1
12107698,1,1
12107964,1,1
12108026,1,1
12164567,1,0
12164760,1,1
12164920,1,0
12165209,1,1
12165272,1,0
12165497,1,1
12165528,1,0
12165561,1,1
12165623,1,1
12165624,1,0
12165785,1,1
12165817,1,1
12165848,1,0
12165881,1,1
12165945,1,1
12165977,1,0
12166010,1,1
12166041,1,0
12166231,1,0
12166262,1,0
12166266,1,1
12166329,1,0
12166487,1,0
12166518,1,0
12166549,1,0
12166618,1,1
12166677,1,1
12166681,1,0
12166839,1,0
12166842,1,1
12166901,1,1
12166905,1,0
12166932,1,0
12166938,1,1
12166998,1,1
12167029,1,1
12167034,1,0
12167064,1,0
12167259,1,1
12167285,1,1
12167290,1,0
12167320,1,0
12167323,1,1
12167386,1,0
12167606,1,0
12167675,1,1
12167734,1,1
12167738,1,0
12167897,1,0
12167899,1,1
12167959,1,1
12167962,1,0
12167990,1,0
12167995,1,1
12168056,1,1
12168091,1,0
12168124,1,1
12168155,1,0
12168220,1,1
12168280,1,1
12168311,1,1
12168342,1,1
12168347,1,0
12168373,1,0
12168380,1,1
12168443,1,0
12168664,1,0
12168732,1,1
12168792,1,1
12168795,1,0
12168828,1,1
12168859,1,0
12168954,1,0
12168988,1,1
12169016,1,1
12169047,1,1
12169113,1,1
12169144,1,1
12169148,1,0
12169175,1,0
12169241,1,0
12169369,1,0
12169400,1,0
12169431,1,0
12169437,1,1
12169500,1,0
12169721,1,0
12169725,1,1
12169756,1,0
12169789,1,1
12169845,1,1
12169852,1,0
12169880,1,0
12169885,1,1
12169911,1,1
12169916,1,0
12170013,1,1
12170039,1,1
12170076,1,0
12170109,1,1
12170167,1,1
12170205,1,0
12170238,1,1
12170269,1,0
12170453,1,0
12170484,1,0
12170494,1,1
12170557,1,0
12170709,1,0
12170744,1,0
12170775,1,0
12170846,1,1
12170903,1,1
12170909,1,0
12170938,1,0
12170942,1,1
12170969,1,1
12170973,1,0
12171065,1,0
12171070,1,1
12171127,1,1
12171133,1,0
12171158,1,0
12171166,1,1
12171224,1,1
12171255,1,1
12171262,1,0
12171286,1,0
12171487,1,1
12171511,1,1
12171518,1,0
12171542,1,0
12171551,1,1
12171614,1,0
12171832,1,0
12171903,1,1
12171960,1,1
12171966,1,0
12171995,1,0
12171999,1,1
12172026,1,1
12172030,1,0
12172123,1,0
12172127,1,1
12172185,1,1
12172190,1,0
12172216,1,0
12172223,1,1
12172282,1,1
12172319,1,0
12172352,1,1
12172383,1,0
12172448,1,1
12172506,1,1
12172537,1,1
12172568,1,1
12172575,1,0
12172599,1,0
12172608,1,1
12172671,1,0
12172890,1,0
12172960,1,1
12173022,1,1
12173023,1,0
12173053,1,0
12173084,1,0
12173088,1,1
12173119,1,0
12173180,1,0
12173216,1,1
12173242,1,1
12173277,1,1
12173339,1,1
12173370,1,1
12173376,1,0
12173405,1,0
12173467,1,0
12173595,1,0
12173626,1,0
12173661,1,0
12173665,1,1
12173728,1,0
12173947,1,0
12173953,1,1
12173984,1,0
12174017,1,1
12174075,1,1
12174080,1,0
12174141,1,0
12174145,1,1
12174172,1,1
12174176,1,0
12174241,1,1
12174269,1,1
12174304,1,0
12174337,1,1
12174397,1,1
12174433,1,0
12174466,1,1
12174497,1,0
12174683,1,0
12174714,1,0
12174722,1,1
12174785,1,0
12174939,1,0
12174974,1,0
12175005,1,0
12175074,1,1
12175133,1,1
12175137,1,0
12175199,1,0
12175202,1,1
12175229,1,1
12175233,1,0
12175295,1,0
12175298,1,1
12175357,1,1
12175361,1,0
12175388,1,0
12175394,1,1
12175454,1,1
12175485,1,1
12175490,1,0
12175516,1,0
12175715,1,1
12175741,1,1
12175746,1,0
12175772,1,0
12175779,1,1
12175842,1,0
12176062,1,0
12176131,1,1
12176190,1,1
12176194,1,0
12176256,1,0
12176259,1,1
12176287,1,1
12176290,1,0
12176353,1,0
12176355,1,1
12176415,1,1
12176418,1,0
12176446,1,0
12176451,1,1
12176512,1,1
12176547,1,0
12176580,1,1
12176611,1,0
12176676,1,1
12176736,1,1
12176767,1,1
12176798,1,1
12176803,1,0
12176829,1,0
12176836,1,1
12176899,1,0
12177120,1,0
12177188,1,1
12177251,1,0
12177284,1,1
12177313,1,1
12177344,1,1
12177347,1,0
12177410,1,0
12177444,1,1
12177472,1,1
12177507,1,1
12177569,1,1
12177600,1,1
12177604,1,0
12177635,1,0
12177697,1,0
12177825,1,0
12177856,1,0
12177891,1,0
12177893,1,1
12177956,1,0
12178177,1,0
12178181,1,1
12178212,1,0
12178245,1,1
12178301,1,1
12178308,1,0
12178336,1,0
12178341,1,1
12178398,1,1
12178404,1,0
12178469,1,1
12178495,1,1
12178532,1,0
12178565,1,1
12178623,1,1
12178661,1,0
12178694,1,1
12178725,1,0
12178909,1,0
12178940,1,0
12178950,1,1
12179013,1,0
12179165,1,0
12179200,1,0
12179231,1,0
12179302,1,1
12179363,1,1
12179365,1,0
12179394,1,0
12179398,1,1
12179456,1,1
12179461,1,0
12179521,1,0
12179526,1,1
12179583,1,1
12179589,1,0
12179618,1,0
12179622,1,1
12179680,1,1
12179711,1,1
12179718,1,0
12179746,1,0
12179943,1,1
12179971,1,1
12179974,1,0
12180002,1,0
12180007,1,1
12180070,1,0
12180288,1,0
12180359,1,1
12180416,1,1
12180422,1,0
12180451,1,0
12180455,1,1
12180513,1,1
12180518,1,0
12180579,1,0
12180583,1,1
12180641,1,1
12180646,1,0
12180672,1,0
12180679,1,1
12180738,1,1
12180775,1,0
12180808,1,1
12180839,1,0
12180904,1,1
12180962,1,1
12180993,1,1
12181024,1,1
12181031,1,0
12181055,1,0
12181064,1,1
12181127,1,0
12181346,1,0
12181416,1,1
12181474,1,1
12181479,1,0
12181509,1,0
12181571,1,0
12181576,1,1
12181607,1,0
12181636,1,0
12181672,1,1
12181698,1,1
12181729,1,1
12181795,1,1
12181826,1,1
12181832,1,0
12181857,1,0
12181923,1,0
12182051,1,0
12182082,1,0
12182113,1,0
12182121,1,1
12182184,1,0
12182403,1,0
12182409,1,1
12182440,1,0
12182473,1,1
12182531,1,1
12182536,1,0
12182628,1,0
12182633,1,1
12182659,1,1
12182664,1,0
12182697,1,1
12182725,1,1
12182760,1,0
12182793,1,1
12182853,1,1
12182889,1,0
12182922,1,1
12182953,1,0
12183139,1,0
12183170,1,0
12183178,1,1
12183241,1,0
12183395,1,0
12183430,1,0
12183461,1,0
12183530,1,1
12183593,1,0
12183689,1,0
12183690,1,1
12183720,1,1
12183721,1,0
12183751,1,0
12183754,1,1
12183817,1,0
12183848,1,0
12183850,1,1
12183914,1,1
12183945,1,1
12183946,1,0
12183976,1,0
12184171,1,1
12184201,1,1
12184202,1,0
12184232,1,0
12184235,1,1
12184298,1,0
12184518,1,0
12184587,1,1
12184646,1,1
12184650,1,0
12184743,1,0
12184747,1,1
12184774,1,1
12184778,1,0
12184809,1,0
12184811,1,1
12184871,1,1
12184874,1,0
12184902,1,0
12184907,1,1
12184968,1,1
12185003,1,0
12185036,1,1
12185067,1,0
12185132,1,1
12185192,1,1
12185223,1,1
12185254,1,1
12185259,1,0
12185289,1,0
12185292,1,1
12185355,1,0
12185576,1,0
12185644,1,1
12185704,1,1
12185707,1,0
12185740,1,1
12185771,1,0
12185800,1,0
12185804,1,1
12185831,1,1
12185835,1,0
12185866,1,0
12185900,1,1
12185928,1,1
12185959,1,1
12186025,1,1
12186056,1,1
12186060,1,0
12186087,1,0
12186153,1,0
12186281,1,0
12186312,1,0
12186343,1,0
12186349,1,1
12186412,1,0
12186633,1,0
12186637,1,1
12186668,1,0
12186701,1,1
12186757,1,1
12186764,1,0
12186792,1,0
12186797,1,1
12186823,1,1
12186828,1,0
12186854,1,0
12186861,1,1
12186885,1,1
12186892,1,0
12186925,1,1
12186951,1,1
12186988,1,0
12187021,1,1
12187079,1,1
12187117,1,0
12187150,1,1
12187181,1,0
12187365,1,0
12187400,1,0
12187406,1,1
12187469,1,0
12187621,1,0
12187656,1,0
12187687,1,0
12187758,1,1
12187815,1,1
12187821,1,0
12187850,1,0
12187854,1,1
12187881,1,1
12187885,1,0
12187912,1,0
12187918,1,1
12187943,1,1
12187949,1,0
12187977,1,0
12187982,1,1
12188039,1,1
12188045,1,0
12188070,1,0
12188078,1,1
12188136,1,1
12188167,1,1
12188174,1,0
12188198,1,0
12188399,1,1
12188423,1,1
12188430,1,0
12188454,1,0
12188463,1,1
12188526,1,0
12188744,1,0
12188815,1,1
12188872,1,1
12188878,1,0
12188907,1,0
12188911,1,1
12188938,1,1
12188942,1,0
12188969,1,0
12188975,1,1
12189000,1,1
12189006,1,0
12189035,1,0
12189039,1,1
12189097,1,1
12189102,1,0
12189128,1,0
12189135,1,1
12189194,1,1
12189231,1,0
12189264,1,1
12189295,1,0
12189360,1,1
12189418,1,1
12189449,1,1
12189480,1,1
12189487,1,0
12189511,1,0
12189520,1,1
12189583,1,0
12189802,1,0
12189872,1,1
12189930,1,1
12189935,1,0
12189964,1,0
12189995,1,0
12190000,1,1
12190026,1,1
12190057,1,1
12190063,1,0
12190092,1,0
12190128,1,1
12190154,1,1
12190185,1,1
12190251,1,1
12190282,1,1
12190288,1,0
12190313,1,0
12190379,1,0
12190507,1,0
12190538,1,0
12190569,1,0
12190576,1,1
12190640,1,0
12190859,1,0
12190865,1,1
12190896,1,0
12190929,1,1
12190991,1,1
12190992,1,0
12191053,1,0
12191057,1,1
12191119,1,1
12191120,1,0
12191153,1,1
12191181,1,1
12191216,1,0
12191249,1,1
12191309,1,1
12191345,1,0
12191377,1,1
12191409,1,0
12191595,1,0
12191630,1,0
12191633,1,1
12191697,1,0
12191851,1,0
12191886,1,0
12191917,1,0
12191986,1,1
12192045,1,1
12192049,1,0
12192110,1,0
12192114,1,1
12192172,1,1
12192177,1,0
12192207,1,0
12192210,1,1
12192269,1,1
12192273,1,0
12192300,1,0
12192306,1,1
12192366,1,1
12192397,1,1
12192402,1,0
12192428,1,0
12192626,1,1
12192653,1,1
12192658,1,0
12192684,1,0
12192690,1,1
12192754,1,0
12192974,1,0
12193043,1,1
12193102,1,1
12193106,1,0
12193168,1,0
12193171,1,1
12193230,1,1
12193234,1,0
12193265,1,0
12193267,1,1
12193327,1,1
12193330,1,0
12193358,1,0
12193363,1,1
12193424,1,1
12193459,1,0
12193491,1,1
12193523,1,0
12193587,1,1
12193648,1,1
12193679,1,1
12193710,1,1
12193715,1,0
12193741,1,0
12193747,1,1
12193811,1,0
12194032,1,0
12194100,1,1
12194160,1,1
12194163,1,0
12194196,1,1
12194225,1,1
12194287,1,1
12194291,1,0
12194322,1,0
12194356,1,1
12194384,1,1
12194415,1,1
12194481,1,1
12194512,1,1
12194516,1,0
12194543,1,0
12194609,1,0
12194737,1,0
12194768,1,0
12194799,1,0
12194804,1,1
12194868,1,0
12195089,1,0
12195093,1,1
12195124,1,0
12195157,1,1
12195213,1,1
12195220,1,0
12195248,1,0
12195253,1,1
12195341,1,1
12195348,1,0
12195381,1,1
12195407,1,1
12195444,1,0
12195477,1,1
12195535,1,1
12195573,1,0
12195605,1,1
12195637,1,0
12195821,1,0
12195852,1,0
12195861,1,1
12195925,1,0
12196077,1,0
12196112,1,0
12196143,1,0
12196214,1,1
12196271,1,1
12196277,1,0
12196305,1,0
12196310,1,1
12196398,1,1
12196405,1,0
12196433,1,0
12196438,1,1
12196495,1,1
12196501,1,0
12196526,1,0
12196534,1,1
12196592,1,1
12196623,1,1
12196630,1,0
12196654,1,0
12196854,1,1
12196879,1,1
12196886,1,0
12196910,1,0
12196918,1,1
12196982,1,0
12197200,1,0
12197271,1,1
12197332,1,1
12197334,1,0
12197363,1,0
12197367,1,1
12197460,1,1
12197462,1,0
12197491,1,0
12197495,1,1
12197553,1,1
12197558,1,0
12197588,1,0
12197591,1,1
12197650,1,1
12197687,1,0
12197719,1,1
12197751,1,0
12197815,1,1
12197874,1,1
12197905,1,1
12197940,1,1
12197943,1,0
12197971,1,0
12197975,1,1
12198039,1,0
12198258,1,0
12198328,1,1
12198386,1,1
12198391,1,0
12198420,1,0
12198513,1,0
12198520,1,1
12198548,1,1
12198551,1,0
12198584,1,1
12198610,1,1
12198641,1,1
12198707,1,1
12198738,1,1
12198743,1,0
12198769,1,0
12198835,1,0
12198963,1,0
12198994,1,0
12199025,1,0
12199032,1,1
12199096,1,0
12199315,1,0
12199321,1,1
12199352,1,0
12199385,1,1
12199443,1,1
12199448,1,0
12199571,1,0
12199577,1,1
12199606,1,1
12199637,1,1
12199672,1,0
12199705,1,1
12199765,1,1
12199800,1,0
12199833,1,1
12199864,1,0
12200051,1,0
12200082,1,0
12200089,1,1
12200153,1,0
12200307,1,0
12200342,1,0
12200373,1,0
12200442,1,1
12200501,1,1
12200505,1,0
12200628,1,0
12200634,1,1
12200725,1,1
12200729,1,0
12200756,1,0
12200762,1,1
12200822,1,1
12200853,1,1
12200857,1,0
12200884,1,0
12201082,1,1
12201109,1,1
12201113,1,0
12201140,1,0
12201146,1,1
12201210,1,0
12201430,1,0
12201499,1,1
12201562,1,0
12201690,1,0
12201691,1,1
12201786,1,0
12201787,1,0
12201817,1,0
12201819,1,1
12201883,1,1
12201915,1,0
12201947,1,1
12201979,1,0
12202043,1,1
12202104,1,1
12202139,1,1
12202170,1,1
12202171,1,0
12202201,1,0
12202203,1,1
12202267,1,0
12202488,1,0
12202556,1,1
12202615,1,1
12202619,1,0
12202652,1,1
12202683,1,0
12202743,1,0
12202748,1,1
12202779,1,0
12202812,1,1
12202840,1,1
12202871,1,1
12202937,1,1
12202968,1,1
12202972,1,0
12202999,1,0
12203065,1,0
12203193,1,0
12203224,1,0
12203258,1,0
12203260,1,1
12203324,1,0
12203545,1,0
12203549,1,1
12203580,1,0
12203613,1,1
12203673,1,1
12203676,1,0
12203704,1,0
12203709,1,1
12203739,1,1
12203740,1,0
12203801,1,0
12203805,1,1
12203832,1,1
12203867,1,1
12203900,1,0
12203933,1,1
12203994,1,1
12204029,1,0
12204061,1,1
12204093,1,0
12204281,1,0
12204312,1,0
12204317,1,1
12204381,1,0
12204537,1,0
12204568,1,0
12204599,1,0
12204670,1,1
12204727,1,1
12204733,1,0
12204761,1,0
12204766,1,1
12204792,1,1
12204797,1,0
12204854,1,0
12204862,1,1
12204951,1,1
12204957,1,0
12204986,1,0
12204990,1,1
12205048,1,1
12205079,1,1
12205086,1,0
12205114,1,0
12205310,1,1
12205335,1,1
12205342,1,0
12205370,1,0
12205374,1,1
12205438,1,0
12205656,1,0
12205727,1,1
12205784,1,1
12205790,1,0
12205819,1,0
12205823,1,1
12205850,1,1
12205854,1,0
12205912,1,0
12205919,1,1
12206009,1,1
12206014,1,0
12206040,1,0
12206047,1,1
12206106,1,1
12206142,1,0
12206175,1,1
12206206,1,0
12206271,1,1
12206330,1,1
12206361,1,1
12206392,1,1
12206399,1,0
12206423,1,0
12206431,1,1
12206495,1,0
12206714,1,0
12206784,1,1
12206842,1,1
12206847,1,0
12206876,1,0
12206907,1,0
12206912,1,1
12206943,1,0
12206969,1,0
12206976,1,1
12207007,1,0
12207040,1,1
12207066,1,1
12207097,1,1
12207163,1,1
12207194,1,1
12207199,1,0
12207225,1,0
12207291,1,0
12207419,1,0
12207450,1,0
12207481,1,0
12207488,1,1
12207552,1,0
12207771,1,0
12207777,1,1
12207808,1,0
12207841,1,1
12207903,1,1
12207904,1,0
12207969,1,1
12208000,1,0
12208031,1,0
12208033,1,1
12208062,1,1
12208097,1,1
12208128,1,0
12208161,1,1
12208224,1,1
12208256,1,0
12208289,1,1
12208320,1,0
12208511,1,0
12208542,1,0
12208545,1,1
12208609,1,0
12208767,1,0
12208798,1,0
12208833,1,0
12208898,1,1
12208957,1,1
12208961,1,0
12209022,1,0
12209026,1,1
12209053,1,1
12209057,1,0
12209084,1,0
12209090,1,1
12209181,1,1
12209185,1,0
12209216,1,0
12209218,1,1
12209278,1,1
12209309,1,1
12209313,1,0
12209344,1,0
12209538,1,1
12209565,1,1
12209569,1,0
12209600,1,0
12209602,1,1
12209666,1,0
12209886,1,0
12209955,1,1
12210014,1,1
12210018,1,0
12210080,1,0
12210083,1,1
12210111,1,1
12210114,1,0
12210142,1,0
12210147,1,1
12210239,1,1
12210242,1,0
12210270,1,0
12210275,1,1
12210336,1,1
12210370,1,0
12210403,1,1
12210434,1,0
12210499,1,1
12210560,1,1
12210591,1,1
12210622,1,1
12210626,1,0
12210653,1,0
12210659,1,1
12210723,1,0
12210944,1,0
12211012,1,1
12211072,1,1
12211075,1,0
12211108,1,1
12211133,1,1
12211164,1,1
12211171,1,0
12211199,1,0
12211204,1,1
12211235,1,0
12211268,1,1
12211292,1,1
12211327,1,1
12211389,1,1
12211420,1,1
12211427,1,0
12211455,1,0
12211517,1,0
12211645,1,0
12211676,1,0
12211711,1,0
12211716,1,1
12211780,1,0
12211997,1,0
12212005,1,1
12212036,1,0
12212069,1,1
12212125,1,1
12212132,1,0
12212160,1,0
12212165,1,1
12212222,1,1
12212228,1,0
12212253,1,0
12212261,1,1
12212288,1,1
12212319,1,1
12212356,1,0
12212389,1,1
12212447,1,1
12212484,1,0
12212517,1,1
12212548,1,0
12212733,1,0
12212764,1,0
12212773,1,1
12212837,1,0
12212989,1,0
12213024,1,0
12213055,1,0
12213126,1,1
12213183,1,1
12213189,1,0
12213217,1,0
12213222,1,1
12213279,1,1
12213285,1,0
12213310,1,0
12213318,1,1
12213407,1,1
12213413,1,0
12213438,1,0
12213446,1,1
12213504,1,1
12213535,1,1
12213541,1,0
12213566,1,0
12213766,1,1
12213791,1,1
12213797,1,0
12213822,1,0
12213830,1,1
12213894,1,0
12214112,1,0
12214183,1,1
12214240,1,1
12214246,1,0
12214275,1,0
12214279,1,1
12214337,1,1
12214342,1,0
12214368,1,0
12214375,1,1
12214465,1,1
12214470,1,0
12214496,1,0
12214503,1,1
12214562,1,1
12214598,1,0
12214631,1,1
12214662,1,0
12214727,1,1
12214786,1,1
12214817,1,1
12214848,1,1
12214854,1,0
12214879,1,0
12214887,1,1
12214951,1,0
12215170,1,0
12215240,1,1
12215301,1,1
12215303,1,0
12215332,1,0
12215394,1,0
12215400,1,1
12215429,1,1
12215463,1,0
12215496,1,1
12215522,1,1
12215557,1,1
12215619,1,1
12215650,1,1
12215655,1,0
12215685,1,0
12215747,1,0
12215875,1,0
12215910,1,0
12215941,1,0
12215944,1,1
12216008,1,0
12216227,1,0
12216233,1,1
12216264,1,0
12216297,1,1
12216355,1,1
12216360,1,0
12216452,1,0
12216457,1,1
12216518,1,1
12216549,1,1
12216584,1,0
12216617,1,1
12216677,1,1
12216712,1,0
12216745,1,1
12216776,1,0
12216963,1,0
12216994,1,0
12217001,1,1
12217065,1,0
12217219,1,0
12217254,1,0
12217285,1,0
12217354,1,1
12217413,1,1
12217417,1,0
12217509,1,0
12217514,1,1
12217637,1,1
12217641,1,0
12217668,1,0
12217674,1,1
12217734,1,1
12217765,1,1
12217769,1,0
12217796,1,0
12217994,1,1
12218021,1,1
12218025,1,0
12218052,1,0
12218058,1,1
12218122,1,0
12218342,1,0
12218411,1,1
12218470,1,1
12218474,1,0
12218567,1,0
12218571,1,1
12218695,1,1
12218698,1,0
12218726,1,0
12218731,1,1
12218791,1,1
12218826,1,0
12218859,1,1
12218890,1,0
12218955,1,1
12219016,1,1
12219047,1,1
12219078,1,1
12219082,1,0
12219109,1,0
12219115,1,1
12219179,1,0
12219400,1,0
12219468,1,1
12219524,1,1
12219531,1,0
12219564,1,1
12219595,1,0
12219620,1,0
12219628,1,1
12219691,1,0
12219724,1,1
12219748,1,1
12219779,1,1
12219845,1,1
12219876,1,1
12219883,1,0
12219907,1,0
12219973,1,0
12220101,1,0
12220132,1,0
12220163,1,0
12220172,1,1
12220236,1,0
12220453,1,0
12220461,1,1
12220492,1,0
12220525,1,1
12220581,1,1
12220588,1,0
12220616,1,0
12220621,1,1
12220647,1,1
12220652,1,0
12220678,1,0
12220685,1,1
12220744,1,1
12220775,1,1
12220812,1,0
12220845,1,1
12220903,1,1
12220940,1,0
12220973,1,1
12221004,1,0
12221189,1,0
12221220,1,0
12221229,1,1
12221293,1,0
12221445,1,0
12221480,1,0
12221511,1,0
12221582,1,1
12221642,1,1
12221645,1,0
12221673,1,0
12221678,1,1
12221708,1,1
12221709,1,0
12221739,1,0
12221742,1,1
12221867,1,1
12221869,1,0
12221898,1,0
12221902,1,1
12221964,1,1
12221995,1,1
12221997,1,0
12222026,1,0
12222222,1,1
12222251,1,1
12222253,1,0
12222282,1,0
12222286,1,1
12222350,1,0
12222568,1,0
12222639,1,1
12222696,1,1
12222702,1,0
12222731,1,0
12222735,1,1
12222762,1,1
12222766,1,0
12222793,1,0
12222799,1,1
12222921,1,1
12222926,1,0
12222956,1,0
12222959,1,1
12223018,1,1
12223054,1,0
12223087,1,1
12223118,1,0
12223183,1,1
12223242,1,1
12223273,1,1
12223304,1,1
12223310,1,0
12223339,1,0
12223343,1,1
12223407,1,0
12223626,1,0
12223696,1,1
12223753,1,1
12223759,1,0
12223788,1,0
12223819,1,0
12223824,1,1
12223850,1,1
12223919,1,0
12223952,1,1
12223978,1,1
12224009,1,1
12224075,1,1
12224106,1,1
12224111,1,0
12224137,1,0
12224203,1,0
12224331,1,0
12224362,1,0
12224393,1,0
12224400,1,1
12224464,1,0
12224683,1,0
12224689,1,1
12224720,1,0
12224753,1,1
12224811,1,1
12224816,1,0
12224877,1,0
12224881,1,1
12224974,1,1
12225005,1,1
12225040,1,0
12225073,1,1
12225132,1,1
12225168,1,0
12225201,1,1
12225232,1,0
12225419,1,0
12225450,1,0
12225457,1,1
12225521,1,0
12225675,1,0
12225710,1,0
12225741,1,0
12225810,1,1
12225868,1,1
12225873,1,0
12225934,1,0
12225938,1,1
12226093,1,1
12226097,1,0
12226124,1,0
12226130,1,1
12226190,1,1
12226221,1,1
12226225,1,0
12226252,1,0
12226450,1,1
12226477,1,1
12226481,1,0
12226508,1,0
12226514,1,1
12226578,1,0
12226798,1,0
12226867,1,1
12226930,1,0
12226992,1,0
12226995,1,1
12227151,1,1
12227154,1,0
12227185,1,0
12227187,1,1
12227247,1,1
12227282,1,0
12227315,1,1
12227346,1,0
12227411,1,1
12227472,1,1
12227503,1,1
12227534,1,1
12227538,1,0
12227569,1,0
12227571,1,1
12227635,1,0
12227856,1,0
12227924,1,1
12227983,1,1
12227987,1,0
12228020,1,1
12228049,1,1
12228147,1,0
12228180,1,1
12228208,1,1
12228239,1,1
12228305,1,1
12228336,1,1
12228339,1,0
12228367,1,0
12228433,1,0
12228560,1,0
12228591,1,0
12228622,1,0
12228628,1,1
12228692,1,0
12228913,1,0
12228917,1,1
12228948,1,0
12228981,1,1
12229041,1,1
12229044,1,0
12229072,1,0
12229077,1,1
12229200,1,1
12229231,1,1
12229268,1,0
12229301,1,1
12229358,1,1
12229396,1,0
12229429,1,1
12229460,1,0
12229645,1,0
12229680,1,0
12229685,1,1
12229749,1,0
12229901,1,0
12229936,1,0
12229967,1,0
12230038,1,1
12230094,1,1
12230101,1,0
12230129,1,0
12230134,1,1
12230319,1,1
12230325,1,0
12230350,1,0
12230358,1,1
12230416,1,1
12230447,1,1
12230453,1,0
12230478,1,0
12230678,1,1
12230703,1,1
12230709,1,0
12230734,1,0
12230742,1,1
12230806,1,0
12231024,1,0
12231095,1,1
12231152,1,1
12231158,1,0
12231187,1,0
12231191,1,1
12231377,1,1
12231382,1,0
12231408,1,0
12231415,1,1
12231473,1,1
12231510,1,0
12231543,1,1
12231574,1,0
12231639,1,1
12231698,1,1
12231729,1,1
12231760,1,1
12231766,1,0
12231791,1,0
12231799,1,1
12231863,1,0
12232081,1,0
12232152,1,1
12232209,1,1
12232244,1,1
12232434,1,1
12232465,1,1
12232531,1,1
12232562,1,1
12232593,1,1
12232659,1,1
12232786,1,1
12232817,1,1
12232848,1,1
12233139,1,1
12377659,0,1
12377725,1,1
12377987,1,1
12378052,1,1
12647664,0,1
12647729,1,1
12647993,1,1
12648055,1,1
12917674,0,1
12917740,1,1
12917999,1,1
12918065,1,1
13187698,0,1
13187764,1,1
13188028,1,1
13188093,1,1
13457707,0,1
13457773,1,1
13458037,1,1
13458099,1,1
13727713,0,1
13727779,1,1
13728046,1,1
13728112,1,1
13997730,0,1
13997796,1,1
13998057,1,1
13998123,1,1
14267749,0,1
14267814,1,1
14268077,1,1
14268143,1,1
14537781,0,1
14537847,1,1
14538113,1,1
14538174,1,1
14807788,0,1
14807853,1,1
14808120,1,1
14808182,1,1
15077812,0,1
15077878,1,1
15078142,1,1
15078204,1,1
15347821,0,1
15347887,1,1
15348147,1,1
15348212,1,1
15617835,0,1
15617901,1,1
15618167,1,1
15618233,1,1
15887848,0,1
15887914,1,1
15888175,1,1
15888241,1,1
16157874,0,1
16157940,1,1
16158203,1,1
16158269,1,1
16427895,0,1
16427961,1,1
16428227,1,1
16428289,1,1
16697907,0,1
16697973,1,1
16698233,1,1
16698299,1,1
16967938,0,1
16968004,1,1
16968267,1,1
16968333,1,1
17237937,0,1
17238002,1,1
17238262,1,1
17238328,1,1
17507951,0,1
17508017,1,1
17508279,1,1
17508345,1,1
17777988,0,1
17778053,1,1
17778314,1,1
17778380,1,1
18047988,0,1
18048054,1,1
18048315,1,1
18048381,1,1
18317995,0,1
18318060,1,1
18318323,1,1
18318389,1,1
18588023,0,1
18588089,1,1
18588355,1,1
18588421,1,1
18858036,0,1
18858101,1,1
18858362,1,1
18858428,1,1
19128048,0,1
19128114,1,1
19128377,1,1
19128443,1,1
19398075,0,1
19398141,1,1
19398403,1,1
19398468,1,1
19668081,0,1
19668147,1,1
19668414,1,1
19668476,1,1
19938110,0,1
19938176,1,1
19938436,1,1
19938502,1,1
20208108,0,1
20208174,1,1
20208438,1,1
20208504,1,1
20478135,0,1
20478201,1,1
20478461,1,1
20478527,1,1
20648449,1,0
20648610,1,1
20648641,1,0
20648706,1,1
20648801,1,0
20648898,1,1
20649025,1,0
20649090,1,1
20649154,1,0
20649250,1,1
20649282,1,0
20649314,1,1
20649378,1,0
20649442,1,1
20649506,1,1
20649665,1,1
20649696,1,1
20649761,1,1
20649823,1,1
20649920,1,1
20650048,1,1
20650110,1,1
20650145,1,1
20650238,1,1
20650273,1,1
20650304,1,1
20650366,1,1
20650432,1,1
20680804,0,1
20680966,1,1
20680996,0,1
20681061,1,1
20681124,0,1
20681349,1,1
20681380,0,1
20681413,1,1
20681443,0,1
20681477,1,1
20681539,0,1
20681573,1,1
20681667,0,1
20681733,1,1
20681792,1,1
20681955,1,1
20681986,1,1
20682048,1,1
20682113,1,1
20682338,1,1
20682369,1,1
20682400,1,1
20682431,1,1
20682466,1,1
20682528,1,1
20682563,1,1
20682656,1,1
20682722,1,1
20939946,0,1
20940204,1,1
20940266,0,1
20940491,1,1
20940522,0,1
20940555,1,1
20940586,0,1
20940811,1,1
20940842,0,1
20940875,1,1
20940933,1,1
20941188,1,1
20941254,1,1
20941479,1,1
20941510,1,1
20941541,1,1
20941572,1,1
20941796,1,1
20941831,1,1
20941862,1,1
21004815,1,0
21004975,1,1
21005007,1,0
21005071,1,1
21005167,1,0
21005232,1,1
21005391,1,0
21005456,1,1
21005519,1,0
21005552,1,1
21005583,1,0
21005616,1,1
21005743,1,0
21005808,1,1
21005864,1,1
21006027,1,1
21006058,1,1
21006120,1,1
21006186,1,1
21006248,1,1
21006410,1,1
21006472,1,1
21006503,1,1
21006538,1,1
21006569,1,1
21006600,1,1
21006728,1,1
21006794,1,1
21010724,1,0
21010885,1,1
21010916,1,0
21010981,1,1
21011077,1,0
21011174,1,1
21011301,1,0
21011366,1,1
21011429,1,0
21011718,1,1
21011775,1,1
21011938,1,1
21011969,1,1
21012031,1,1
21012097,1,1
21012194,1,1
21012321,1,1
21012383,1,1
21012414,1,1
21012705,1,1
21074074,0,1
21074235,1,1
21074266,0,1
21074331,1,1
21074394,0,1
21074459,1,1
21074617,0,1
21074683,1,1
21074713,0,1
21074747,1,1
21074841,0,1
21074875,1,1
21074937,0,1
21075003,1,1
21075064,1,1
21075223,1,1
21075254,1,1
21075320,1,1
21075382,1,1
21075448,1,1
21075607,1,1
21075672,1,1
21075703,1,1
21075734,1,1
21075831,1,1
21075862,1,1
21075928,1,1
21075990,1,1
21314619,0,1
21314877,1,1
21314939,0,1
21315005,1,1
21315163,0,1
21315229,1,1
21315259,0,1
21315484,1,1
21315515,0,1
21315548,1,1
21315607,1,1
21315866,1,1
21315928,1,1
21315994,1,1
21316153,1,1
21316215,1,1
21316250,1,1
21316471,1,1
21316505,1,1
21316536,1,1
21427452,1,0
21427613,1,1
21427644,1,0
21427709,1,1
21427804,1,0
21427869,1,1
21428028,1,0
21428093,1,1
21428157,1,0
21428446,1,1
21428506,1,1
21428665,1,1
21428700,1,1
21428762,1,1
21428828,1,1
21428890,1,1
21429049,1,1
21429114,1,1
21429145,1,1
21429432,1,1
21442440,1,0
21442601,1,1
21442632,1,0
21442697,1,1
21442792,1,0
21443017,1,1
21443048,1,0
21443081,1,1
21443144,1,0
21443177,1,1
21443208,1,0
21443241,1,1
21443368,1,0
21443433,1,1
21443496,1,1
21443655,1,1
21443686,1,1
21443752,1,1
21443814,1,1
21444039,1,1
21444070,1,1
21444101,1,1
21444136,1,1
21444167,1,1
21444197,1,1
21444228,1,1
21444356,1,1
21444422,1,1
21489002,0,1
21489164,1,1
21489194,0,1
21489260,1,1
21489322,0,1
21489420,1,1
21489546,0,1
21489612,1,1
21489642,0,1
21489676,1,1
21489706,0,1
21489740,1,1
21489770,0,1
21489804,1,1
21489866,0,1
21489932,1,1
21489990,1,1
21490153,1,1
21490183,1,1
21490245,1,1
21490311,1,1
21490408,1,1
21490536,1,1
21490598,1,1
21490633,1,1
21490664,1,1
21490695,1,1
21490726,1,1
21490761,1,1
21490792,1,1
21490854,1,1
21490919,1,1
21703801,0,1
21704058,1,1
21704121,0,1
21704219,1,1
21704345,0,1
21704410,1,1
21704441,0,1
21704666,1,1
21704696,0,1
21704730,1,1
21704787,1,1
21705043,1,1
21705108,1,1
21705205,1,1
21705333,1,1
21705395,1,1
21705426,1,1
21705651,1,1
21705686,1,1
21705717,1,1
21865816,1,0
21865977,1,1
21866008,1,0
21866073,1,1
21866169,1,0
21866234,1,1
21866393,1,0
21866458,1,1
21866521,1,0
21866554,1,1
21866585,1,0
21866650,1,1
21866745,1,0
21866810,1,1
21866873,1,1
21867032,1,1
21867063,1,1
21867129,1,1
21867191,1,1
21867257,1,1
21867415,1,1
21867477,1,1
21867512,1,1
21867543,1,1
21867574,1,1
21867640,1,1
21867737,1,1
21867799,1,1
21882280,0,1
21882442,1,1
21882472,0,1
21882538,1,1
21882600,0,1
21882666,1,1
21882824,0,1
21882890,1,1
21882920,0,1
21882953,1,1
21882984,0,1
21883018,1,1
21883048,0,1
21883081,1,1
21883144,0,1
21883209,1,1
21883270,1,1
21883428,1,1
21883459,1,1
21883525,1,1
21883587,1,1
21883653,1,1
21883812,1,1
21883878,1,1
21883909,1,1
21883940,1,1
21883971,1,1
21884005,1,1
21884036,1,1
21884067,1,1
21884133,1,1
21884195,1,1
21906339,1,0
21906500,1,1
21906531,1,0
21906596,1,1
21906692,1,0
21906917,1,1
21906948,1,0
21906981,1,1
21907044,1,0
21907333,1,1
21907390,1,1
21907552,1,1
21907583,1,1
21907645,1,1
21907711,1,1
21907936,1,1
21907967,1,1
21907998,1,1
21908029,1,1
21908319,1,1
22085149,0,1
22085407,1,1
22085469,0,1
22085535,1,1
22085693,0,1
22085758,1,1
22085789,0,1
22086014,1,1
22086045,0,1
22086078,1,1
22086136,1,1
22086392,1,1
22086458,1,1
22086520,1,1
22086682,1,1
22086744,1,1
22086775,1,1
22087000,1,1
22087035,1,1
22087066,1,1
22255291,1,0
22255452,1,1
22255483,1,0
22255548,1,1
22255643,1,0
22255740,1,1
22255867,1,0
22255932,1,1
22255996,1,0
22256029,1,1
22256124,1,0
22256157,1,1
22256220,1,0
22256285,1,1
22256342,1,1
22256505,1,1
22256536,1,1
22256598,1,1
22256664,1,1
22256761,1,1
22256888,1,1
22256950,1,1
22256981,1,1
22257016,1,1
22257113,1,1
22257144,1,1
22257206,1,1
22257272,1,1
22269314,1,0
22269474,1,1
22269505,1,0
22269570,1,1
22269666,1,0
22269731,1,1
22269890,1,0
22269955,1,1
22270018,1,0
22270307,1,1
22270365,1,1
22270527,1,1
22270558,1,1
22270620,1,1
22270686,1,1
22270748,1,1
22270911,1,1
22270973,1,1
22271004,1,1
22271294,1,1
22302470,0,1
22302632,1,1
22302662,0,1
22302728,1,1
22302790,0,1
22303016,1,1
22303046,0,1
22303080,1,1
22303110,0,1
22303176,1,1
22303238,0,1
22303272,1,1
22303334,0,1
22303399,1,1
22303456,1,1
22303619,1,1
22303650,1,1
22303712,1,1
22303778,1,1
22304002,1,1
22304033,1,1
22304064,1,1
22304095,1,1
22304161,1,1
22304227,1,1
22304258,1,1
22304320,1,1
22304386,1,1
22572425,0,1
22572490,1,1
22572752,1,1
22572818,1,1
22618665,0,1
22618923,1,1
22618985,0,1
22619211,1,1
22619241,0,1
22619275,1,1
22619305,0,1
22619530,1,1
22619561,0,1
22619595,1,1
22619652,1,1
22619908,1,1
22619974,1,1
22620198,1,1
22620229,1,1
22620260,1,1
22620291,1,1
22620516,1,1
22620551,1,1
22620582,1,1
22774305,1,0
22774466,1,1
22774497,1,0
22774562,1,1
22774658,1,0
22774755,1,1
22774882,1,0
22774947,1,1
22775010,1,0
22775299,1,1
22775359,1,1
22775518,1,1
22775549,1,1
22775615,1,1
22775677,1,1
22775774,1,1
22775902,1,1
22775964,1,1
22775998,1,1
22776285,1,1
22888280,0,1
22888346,1,1
22888608,1,1
22888673,1,1
23158299,0,1
23158364,1,1
23158630,1,1
23158692,1,1
23279940,1,0
23280133,1,1
23280292,1,0
23280581,1,1
23280645,1,0
23280870,1,1
23280901,1,0
23280934,1,1
23280992,1,1
23280997,1,0
23281158,1,1
23281185,1,1
23281221,1,0
23281254,1,1
23281313,1,1
23281349,1,0
23281382,1,1
23281413,1,0
23281600,1,0
23281631,1,0
23281638,1,1
23281702,1,0
23281855,1,0
23281890,1,0
23281921,1,0
23281991,1,1
23282053,1,1
23282054,1,0
23282212,1,0
23282215,1,1
23282278,1,0
23282309,1,0
23282311,1,1
23282371,1,1
23282406,1,0
23282437,1,0
23282631,1,1
23282661,1,1
23282662,1,0
23282692,1,0
23282695,1,1
23282759,1,0
23282979,1,0
23283048,1,1
23283111,1,0
23283269,1,0
23283272,1,1
23283331,1,1
23283335,1,0
23283366,1,0
23283368,1,1
23283428,1,1
23283463,1,0
23283496,1,1
23283527,1,0
23283592,1,1
23283653,1,1
23283684,1,1
23283719,1,0
23283750,1,0
23283752,1,1
23283816,1,0
23284036,1,0
23284105,1,1
23284164,1,1
23284168,1,0
23284201,1,1
23284232,1,0
23284327,1,0
23284361,1,1
23284389,1,1
23284420,1,1
23284486,1,1
23284517,1,1
23284520,1,0
23284548,1,0
23284613,1,0
23284741,1,0
23284772,1,0
23284807,1,0
23284809,1,1
23284873,1,0
23285094,1,0
23285098,1,1
23285129,1,0
23285162,1,1
23285222,1,1
23285225,1,0
23285253,1,0
23285258,1,1
23285284,1,1
23285289,1,0
23285386,1,1
23285411,1,1
23285449,1,0
23285482,1,1
23285539,1,1
23285577,1,0
23285610,1,1
23285641,1,0
23285830,1,0
23285861,1,0
23285866,1,1
23285930,1,0
23286085,1,0
23286116,1,0
23286147,1,0
23286219,1,1
23286279,1,1
23286282,1,0
23286310,1,0
23286315,1,1
23286341,1,1
23286346,1,0
23286438,1,0
23286443,1,1
23286500,1,1
23286506,1,0
23286535,1,0
23286539,1,1
23286597,1,1
23286628,1,1
23286634,1,0
23286663,1,0
23286859,1,1
23286883,1,1
23286890,1,0
23286918,1,0
23286923,1,1
23286987,1,0
23287205,1,0
23287276,1,1
23287333,1,1
23287339,1,0
23287368,1,0
23287372,1,1
23287399,1,1
23287403,1,0
23287495,1,0
23287500,1,1
23287557,1,1
23287563,1,0
23287588,1,0
23287596,1,1
23287654,1,1
23287691,1,0
23287724,1,1
23287755,1,0
23287820,1,1
23287879,1,1
23287910,1,1
23287941,1,1
23287947,1,0
23287972,1,0
23287980,1,1
23288044,1,0
23288262,1,0
23288333,1,1
23288390,1,1
23288396,1,0
23288425,1,0
23288456,1,0
23288461,1,1
23288492,1,0
23288553,1,0
23288589,1,1
23288615,1,1
23288646,1,1
23288712,1,1
23288743,1,1
23288748,1,0
23288774,1,0
23288840,1,0
23288967,1,0
23288998,1,0
23289029,1,0
23289037,1,1
23289101,1,0
23289320,1,0
23289326,1,1
23289357,1,0
23289390,1,1
23289452,1,1
23289453,1,0
23289514,1,0
23289518,1,1
23289548,1,1
23289549,1,0
23289614,1,1
23289645,1,1
23289677,1,0
23289710,1,1
23289773,1,1
23289805,1,0
23289838,1,1
23289869,1,0
23290060,1,0
23290091,1,0
23290094,1,1
23290158,1,0
23290315,1,0
23290346,1,0
23290377,1,0
23290447,1,1
23290509,1,1
23290510,1,0
23290571,1,0
23290575,1,1
23290602,1,1
23290606,1,0
23290668,1,0
23290671,1,1
23290730,1,1
23290734,1,0
23290765,1,0
23290767,1,1
23290827,1,1
23290858,1,1
23290862,1,0
23290892,1,0
23291087,1,1
23291117,1,1
23291118,1,0
23291148,1,0
23291151,1,1
23291215,1,0
23291435,1,0
23291504,1,1
23291563,1,1
23291567,1,0
23291628,1,0
23291632,1,1
23291659,1,1
23291663,1,0
23291725,1,0
23291728,1,1
23291787,1,1
23291791,1,0
23291818,1,0
23291824,1,1
23291884,1,1
23291919,1,0
23291952,1,1
23291983,1,0
23292048,1,1
23292109,1,1
23292140,1,1
23292171,1,1
23292175,1,0
23292202,1,0
23292208,1,1
23292272,1,0
23292492,1,0
23292561,1,1
23292620,1,1
23292624,1,0
23292657,1,1
23292686,1,1
23292717,1,1
23292720,1,0
23292783,1,0
23292817,1,1
23292845,1,1
23292876,1,1
23292942,1,1
23292973,1,1
23292976,1,0
23293004,1,0
23293069,1,0
23293197,1,0
23293228,1,0
23293259,1,0
23293265,1,1
23293329,1,0
23293550,1,0
23293554,1,1
23293585,1,0
23293618,1,1
23293674,1,1
23293681,1,0
23293709,1,0
23293714,1,1
23293770,1,1
23293777,1,0
23293842,1,1
23293867,1,1
23293905,1,0
23293938,1,1
23293995,1,1
23294033,1,0
23294066,1,1
23294097,1,0
23294282,1,0
23294313,1,0
23294322,1,1
23294386,1,0
23294537,1,0
23294572,1,0
23294603,1,0
23294675,1,1
23294731,1,1
23294738,1,0
23294766,1,0
23294771,1,1
23294828,1,1
23294834,1,0
23294894,1,0
23294899,1,1
23294956,1,1
23294962,1,0
23294987,1,0
23294995,1,1
23295053,1,1
23295084,1,1
23295090,1,0
23295115,1,0
23295315,1,1
23295339,1,1
23295346,1,0
23295370,1,0
23295379,1,1
23295443,1,0
23295661,1,0
23295732,1,1
23295789,1,1
23295795,1,0
23295823,1,0
23295828,1,1
23295885,1,1
23295891,1,0
23295951,1,0
23295956,1,1
23296013,1,1
23296019,1,0
23296044,1,0
23296052,1,1
23296110,1,1
23296147,1,0
23296180,1,1
23296211,1,0
23296276,1,1
23296335,1,1
23296366,1,1
23296397,1,1
23296403,1,0
23296428,1,0
23296436,1,1
23296500,1,0
23296718,1,0
23296789,1,1
23296850,1,1
23296852,1,0
23296881,1,0
23296947,1,0
23296949,1,1
23296980,1,0
23297009,1,0
23297045,1,1
23297075,1,1
23297106,1,1
23297168,1,1
23297202,1,1
23297204,1,0
23297233,1,0
23297295,1,0
23297427,1,0
23297458,1,0
23297489,1,0
23297493,1,1
23297557,1,0
23297776,1,0
23297782,1,1
23297813,1,0
23297846,1,1
23297904,1,1
23297909,1,0
23298000,1,0
23298006,1,1
23298031,1,1
23298037,1,0
23298070,1,1
23298097,1,1
23298133,1,0
23298166,1,1
23298225,1,1
23298261,1,0
23298294,1,1
23298325,1,0
23298512,1,0
23298543,1,0
23298550,1,1
23298614,1,0
23298767,1,0
23298802,1,0
23298833,1,0
23298903,1,1
23298961,1,1
23298966,1,0
23299058,1,0
23299063,1,1
23299089,1,1
23299094,1,0
23299124,1,0
23299127,1,1
23299186,1,1
23299190,1,0
23299217,1,0
23299223,1,1
23299283,1,1
23299314,1,1
23299318,1,0
23299345,1,0
23299543,1,1
23299569,1,1
23299574,1,0
23299600,1,0
23299607,1,1
23299671,1,0
23299891,1,0
23299960,1,1
23300019,1,1
23300023,1,0
23300115,1,0
23300120,1,1
23300146,1,1
23300151,1,0
23300181,1,0
23300184,1,1
23300243,1,1
23300247,1,0
23300274,1,0
23300280,1,1
23300340,1,1
23300375,1,0
23300408,1,1
23300439,1,0
23300504,1,1
23300565,1,1
23300596,1,1
23300627,1,1
23300631,1,0
23300658,1,0
23300664,1,1
23300728,1,0
23300948,1,0
23301017,1,1
23301080,1,0
23301113,1,1
23301144,1,0
23301177,1,1
23301208,1,0
23301239,1,0
23301273,1,1
23301305,1,1
23301336,1,1
23301401,1,1
23301432,1,0
23301463,1,0
23301529,1,0
23301657,1,0
23301688,1,0
23301719,1,0
23301721,1,1
23301785,1,0
23302006,1,0
23302010,1,1
23302041,1,0
23302074,1,1
23302130,1,1
23302137,1,0
23302164,1,0
23302170,1,1
23302195,1,1
23302201,1,0
23302226,1,0
23302234,1,1
23302257,1,1
23302265,1,0
23302298,1,1
23302323,1,1
23302361,1,0
23302394,1,1
23302451,1,1
23302489,1,0
23302522,1,1
23302553,1,0
23302738,1,0
23302769,1,0
23302778,1,1
23302842,1,0
23302993,1,0
23303028,1,0
23303059,1,0
23303131,1,1
23303191,1,1
23303194,1,0
23303222,1,0
23303227,1,1
23303257,1,1
23303258,1,0
23303288,1,0
23303291,1,1
23303319,1,1
23303322,1,0
23303350,1,0
23303355,1,1
23303416,1,1
23303418,1,0
23303447,1,0
23303451,1,1
23303512,1,1
23303543,1,1
23303546,1,0
23303574,1,0
23303771,1,1
23303799,1,1
23303802,1,0
23303830,1,0
23303835,1,1
23303899,1,0
23304121,1,0
23304188,1,1
23304248,1,1
23304251,1,0
23304279,1,0
23304284,1,1
23304310,1,1
23304315,1,0
23304345,1,0
23304348,1,1
23304376,1,1
23304379,1,0
23304407,1,0
23304412,1,1
23304473,1,1
23304475,1,0
23304504,1,0
23304508,1,1
23304566,1,1
23304603,1,0
23304636,1,1
23304667,1,0
23304732,1,1
23304791,1,1
23304822,1,1
23304857,1,1
23304859,1,0
23304888,1,0
23304892,1,1
23304956,1,0
23305174,1,0
23305245,1,1
23305302,1,1
23305308,1,0
23305337,1,0
23305368,1,0
23305373,1,1
23305399,1,1
23305430,1,1
23305436,1,0
23305465,1,0
23305501,1,1
23305527,1,1
23305558,1,1
23305624,1,1
23305655,1,1
23305660,1,0
23305685,1,0
23305751,1,0
23305879,1,0
23305910,1,0
23305941,1,0
23305949,1,1
23306013,1,0
23306232,1,0
23306238,1,1
23306269,1,0
23306302,1,1
23306359,1,1
23306365,1,0
23306425,1,0
23306430,1,1
23306487,1,1
23306493,1,0
23306526,1,1
23306553,1,1
23306589,1,0
23306622,1,1
23306681,1,1
23306717,1,0
23306750,1,1
23306781,1,0
23306968,1,0
23306999,1,0
23307006,1,1
23307070,1,0
23307223,1,0
23307258,1,0
23307289,1,0
23307359,1,1
23307417,1,1
23307422,1,0
23307483,1,0
23307487,1,1
23307545,1,1
23307550,1,0
23307580,1,0
23307583,1,1
23307642,1,1
23307646,1,0
23307673,1,0
23307679,1,1
23307738,1,1
23307769,1,1
23307774,1,0
23307800,1,0
23307999,1,1
23308025,1,1
23308030,1,0
23308056,1,0
23308063,1,1
23308127,1,0
23308347,1,0
23308416,1,1
23308478,1,1
23308479,1,0
23308540,1,0
23308544,1,1
23308606,1,1
23308607,1,0
23308637,1,0
23308640,1,1
23308703,1,0
23308734,1,0
23308736,1,1
23308796,1,1
23308831,1,0
23308864,1,1
23308895,1,0
23308960,1,1
23309021,1,1
23309055,1,1
23309086,1,1
23309087,1,0
23309117,1,0
23309120,1,1
23309184,1,0
23309404,1,0
23309473,1,1
23309532,1,1
23309536,1,0
23309569,1,1
23309598,1,1
23309660,1,1
23309664,1,0
23309695,1,0
23309729,1,1
23309757,1,1
23309788,1,1
23309853,1,1
23309884,1,1
23309888,1,0
23309915,1,0
23309981,1,0
23310109,1,0
23310140,1,0
23310171,1,0
23310177,1,1
23310241,1,0
23310462,1,0
23310466,1,1
23310497,1,0
23310530,1,1
23310589,1,1
23310593,1,0
23310620,1,0
23310626,1,1
23310717,1,1
23310721,1,0
23310754,1,1
23310783,1,1
23310817,1,0
23310850,1,1
23310911,1,1
23310945,1,0
23310978,1,1
23311009,1,0
23311197,1,0
23311228,1,0
23311234,1,1
23311298,1,0
23311453,1,0
23311484,1,0
23311519,1,0
23311587,1,1
23311643,1,1
23311650,1,0
23311678,1,0
23311683,1,1
23311771,1,1
23311778,1,0
23311806,1,0
23311811,1,1
23311868,1,1
23311874,1,0
23311902,1,0
23311907,1,1
23311964,1,1
23311995,1,1
23312002,1,0
23312030,1,0
23312227,1,1
23312251,1,1
23312258,1,0
23312286,1,0
23312291,1,1
23312355,1,0
23312573,1,0
23312644,1,1
23312700,1,1
23312707,1,0
23312735,1,0
23312740,1,1
23312828,1,1
23312835,1,0
23312863,1,0
23312868,1,1
23312925,1,1
23312931,1,0
23312956,1,0
23312964,1,1
23313022,1,1
23313059,1,0
23313092,1,1
23313123,1,0
23313188,1,1
23313247,1,1
23313278,1,1
23313309,1,1
23313315,1,0
23313339,1,0
23313348,1,1
23313412,1,0
23313630,1,0
23313701,1,1
23313758,1,1
23313764,1,0
23313793,1,0
23313886,1,0
23313893,1,1
23313921,1,1
23313924,1,0
23313957,1,1
23313982,1,1
23314013,1,1
23314079,1,1
23314110,1,1
23314116,1,0
23314141,1,0
23314207,1,0
23314335,1,0
23314366,1,0
23314397,1,0
23314405,1,1
23314469,1,0
23314687,1,0
23314693,1,1
23314725,1,0
23314757,1,1
23314815,1,1
23314821,1,0
23314943,1,0
23314950,1,1
23314978,1,1
23315009,1,1
23315045,1,0
23315078,1,1
23315137,1,1
23315173,1,0
23315206,1,1
23315237,1,0
23315423,1,0
23315454,1,0
23315462,1,1
23315526,1,0
23315679,1,0
23315714,1,0
23315745,1,0
23315814,1,1
23315877,1,1
23315878,1,0
23316004,1,0
23316007,1,1
23316097,1,1
23316102,1,0
23316132,1,0
23316135,1,1
23316194,1,1
23316225,1,1
23316230,1,0
23316260,1,0
23316455,1,1
23316485,1,1
23316486,1,0
23316516,1,0
23316519,1,1
23316583,1,0
23316802,1,0
23316871,1,1
23316930,1,1
23316935,1,0
23317058,1,0
23317064,1,1
23317155,1,1
23317159,1,0
23317186,1,0
23317192,1,1
23317252,1,1
23317287,1,0
23317320,1,1
23317351,1,0
23317416,1,1
23317476,1,1
23317507,1,1
23317538,1,1
23317543,1,0
23317573,1,0
23317576,1,1
23317640,1,0
23317860,1,0
23317928,1,1
23317988,1,1
23317992,1,0
23318025,1,1
23318056,1,0
23318115,1,0
23318121,1,1
23318152,1,0
23318185,1,1
23318212,1,1
23318243,1,1
23318309,1,1
23318340,1,1
23318344,1,0
23318371,1,0
23318437,1,0
23318565,1,0
23318596,1,0
23318627,1,0
23318633,1,1
23318697,1,0
23318917,1,0
23318921,1,1
23318953,1,0
23318985,1,1
23319045,1,1
23319049,1,0
23319080,1,0
23319082,1,1
23319111,1,1
23319113,1,0
23319173,1,0
23319178,1,1
23319208,1,1
23319239,1,1
23319273,1,0
23319306,1,1
23319367,1,1
23319401,1,0
23319434,1,1
23319465,1,0
23319653,1,0
23319684,1,0
23319690,1,1
23319754,1,0
23319909,1,0
23319944,1,0
23319975,1,0
23320042,1,1
23320099,1,1
23320106,1,0
23320134,1,0
23320139,1,1
23320165,1,1
23320170,1,0
23320227,1,0
23320235,1,1
23320323,1,1
23320330,1,0
23320354,1,0
23320363,1,1
23320420,1,1
23320451,1,1
23320458,1,0
23320482,1,0
23320683,1,1
23320707,1,1
23320714,1,0
23320738,1,0
23320747,1,1
23320811,1,0
23321028,1,0
23321099,1,1
23321156,1,1
23321163,1,0
23321191,1,0
23321196,1,1
23321222,1,1
23321227,1,0
23321284,1,0
23321292,1,1
23321381,1,1
23321387,1,0
23321412,1,0
23321420,1,1
23321478,1,1
23321515,1,0
23321548,1,1
23321579,1,0
23321644,1,1
23321702,1,1
23321733,1,1
23321764,1,1
23321771,1,0
23321795,1,0
23321804,1,1
23321868,1,0
23322086,1,0
23322156,1,1
23322214,1,1
23322220,1,0
23322248,1,0
23322279,1,0
23322285,1,1
23322316,1,0
23322341,1,0
23322349,1,1
23322380,1,0
23322413,1,1
23322438,1,1
23322469,1,1
23322535,1,1
23322566,1,1
23322572,1,0
23322597,1,0
23322663,1,0
23322791,1,0
23322822,1,0
23322853,1,0
23322861,1,1
23322925,1,0
23323143,1,0
23323149,1,1
23323181,1,0
23323213,1,1
23323275,1,1
23323277,1,0
23323337,1,0
23323342,1,1
23323368,1,1
23323373,1,0
23323403,1,0
23323406,1,1
23323434,1,1
23323465,1,1
23323501,1,0
23323534,1,1
23323593,1,1
23323629,1,0
23323662,1,1
23323693,1,0
23323879,1,0
23323914,1,0
23323918,1,1
23323982,1,0
23324135,1,0
23324170,1,0
23324201,1,0
23324270,1,1
23324329,1,1
23324334,1,0
23324394,1,0
23324399,1,1
23324425,1,1
23324430,1,0
23324456,1,0
23324463,1,1
23324553,1,1
23324558,1,0
23324584,1,0
23324591,1,1
23324650,1,1
23324681,1,1
23324686,1,0
23324712,1,0
23324911,1,1
23324937,1,1
23324942,1,0
23324968,1,0
23324975,1,1
23325038,1,0
23325258,1,0
23325327,1,1
23325386,1,1
23325391,1,0
23325452,1,0
23325456,1,1
23325483,1,1
23325487,1,0
23325514,1,0
23325520,1,1
23325611,1,1
23325615,1,0
23325642,1,0
23325648,1,1
23325707,1,1
23325743,1,0
23325776,1,1
23325807,1,0
23325872,1,1
23325932,1,1
23325963,1,1
23325994,1,1
23325999,1,0
23326025,1,0
23326032,1,1
23326095,1,0
23326316,1,0
23326384,1,1
23326443,1,1
23326448,1,0
23326481,1,1
23326509,1,1
23326540,1,1
23326544,1,0
23326571,1,0
23326577,1,1
23326608,1,0
23326641,1,1
23326668,1,1
23326699,1,1
23326765,1,1
23326796,1,1
23326800,1,0
23326827,1,0
23326893,1,0
23327021,1,0
23327052,1,0
23327083,1,0
23327089,1,1
23327152,1,0
23327373,1,0
23327377,1,1
23327408,1,0
23327441,1,1
23327505,1,0
23327536,1,0
23327538,1,1
23327598,1,1
23327601,1,0
23327633,1,0
23327634,1,1
23327664,1,1
23327695,1,1
23327729,1,0
23327762,1,1
23327822,1,1
23327857,1,0
23327890,1,1
23327921,1,0
23328113,1,0
23328144,1,0
23328146,1,1
23328209,1,0
23328369,1,0
23328400,1,0
23328431,1,0
23328498,1,1
23328554,1,1
23328562,1,0
23328589,1,0
23328595,1,1
23328651,1,1
23328658,1,0
23328682,1,0
23328691,1,1
23328779,1,1
23328786,1,0
23328810,1,0
23328819,1,1
23328876,1,1
23328907,1,1
23328914,1,0
23328938,1,0
23329139,1,1
23329163,1,1
23329170,1,0
23329194,1,0
23329203,1,1
23329266,1,0
23329484,1,0
23329555,1,1
23329616,1,1
23329619,1,0
23329647,1,0
23329652,1,1
23329713,1,1
23329715,1,0
23329744,1,0
23329748,1,1
23329840,1,1
23329843,1,0
23329871,1,0
23329876,1,1
23329933,1,1
23329971,1,0
23330004,1,1
23330035,1,0
23330100,1,1
23330158,1,1
23330189,1,1
23330224,1,1
23330227,1,0
23330255,1,0
23330260,1,1
23330323,1,0
23330542,1,0
23330612,1,1
23330669,1,1
23330676,1,0
23330704,1,0
23330766,1,0
23330773,1,1
23330797,1,1
23330836,1,0
23330869,1,1
23330894,1,1
23330929,1,1
23330991,1,1
23331022,1,1
23331028,1,0
23331057,1,0
23331119,1,0
23331247,1,0
23331278,1,0
23331312,1,0
23331317,1,1
23331380,1,0
23331599,1,0
23331605,1,1
23331636,1,0
23331669,1,1
23331727,1,1
23331733,1,0
23331824,1,0
23331830,1,1
23331890,1,1
23331921,1,1
23331957,1,0
23331990,1,1
23332048,1,1
23332085,1,0
23332118,1,1
23332149,1,0
23332335,1,0
23332366,1,0
23332374,1,1
23332437,1,0
23332591,1,0
23332626,1,0
23332656,1,0
23332726,1,1
23332784,1,1
23332790,1,0
23332881,1,0
23332887,1,1
23333009,1,1
23333014,1,0
23333040,1,0
23333047,1,1
23333106,1,1
23333137,1,1
23333142,1,0
23333168,1,0
23333367,1,1
23333392,1,1
23333398,1,0
23333423,1,0
23333431,1,1
23333494,1,0
23333714,1,0
23333783,1,1
23333846,1,1
23333847,1,0
23333942,1,0
23333944,1,1
23334070,1,1
23334071,1,0
23334101,1,0
23334104,1,1
23334167,1,1
23334199,1,0
23334232,1,1
23334263,1,0
23334328,1,1
23334388,1,1
23334423,1,1
23334454,1,1
23334455,1,0
23334485,1,0
23334488,1,1
23334551,1,0
23334771,1,0
23334840,1,1
23334903,1,1
23334904,1,0
23334937,1,1
23334968,1,0
23334996,1,0
23335001,1,1
23335064,1,0
23335097,1,1
23335124,1,1
23335159,1,1
23335221,1,1
23335252,1,1
23335256,1,0
23335287,1,0
23335349,1,0
23335476,1,0
23335511,1,0
23335542,1,0
23335545,1,1
23335608,1,0
23335829,1,0
23335833,1,1
23335864,1,0
23335897,1,1
23335957,1,1
23335961,1,0
23335992,1,0
23335994,1,1
23336023,1,1
23336025,1,0
23336054,1,0
23336058,1,1
23336119,1,1
23336150,1,1
23336185,1,0
23336218,1,1
23336278,1,1
23336313,1,0
23336346,1,1
23336377,1,0
23336565,1,0
23336596,1,0
23336602,1,1
23336665,1,0
23336821,1,0
23336855,1,0
23336886,1,0
23336954,1,1
23337014,1,1
23337018,1,0
23337045,1,0
23337051,1,1
23337076,1,1
23337082,1,0
23337111,1,0
23337115,1,1
23337239,1,1
23337242,1,0
23337270,1,0
23337275,1,1
23337332,1,1
23337367,1,1
23337370,1,0
23337398,1,0
23337595,1,1
23337622,1,1
23337626,1,0
23337653,1,0
23337659,1,1
23337722,1,0
23337940,1,0
23338011,1,1
23338075,1,0
23338076,1,0
23338108,1,1
23338110,1,1
23338139,1,0
23338141,1,0
23338172,1,1
23338299,1,0
23338300,1,0
23338331,1,0
23338332,1,1
23338397,1,1
23338427,1,0
23338460,1,1
23338491,1,0
23338556,1,1
23338622,1,1
23338653,1,1
23338683,1,0
23338684,1,0
23338716,1,1
23338719,1,1
23338779,1,0
23339005,1,0
23339068,1,1
23339125,1,1
23339132,1,0
23339160,1,0
23339191,1,0
23339197,1,1
23339222,1,1
23339292,1,0
23339325,1,1
23339350,1,1
23339381,1,1
23339447,1,1
23339478,1,1
23339484,1,0
23339509,1,0
23339575,1,0
23339702,1,0
23339733,1,0
23339764,1,0
23339773,1,1
23339836,1,0
23340055,1,0
23340061,1,1
23340092,1,0
23340125,1,1
23340183,1,1
23340189,1,0
23340249,1,0
23340254,1,1
23340345,1,1
23340376,1,1
23340413,1,0
23340446,1,1
23340504,1,1
23340541,1,0
23340574,1,1
23340605,1,0
23340791,1,0
23340822,1,0
23340830,1,1
23340893,1,0
23341047,1,0
23341081,1,0
23341112,1,0
23341182,1,1
23341244,1,1
23341246,1,0
23341306,1,0
23341311,1,1
23341469,1,1
23341470,1,0
23341500,1,0
23341503,1,1
23341566,1,1
23341597,1,1
23341598,1,0
23341628,1,0
23341823,1,1
23341852,1,1
23341854,1,0
23341883,1,0
23341887,1,1
23341950,1,0
23342170,1,0
23342239,1,1
23342302,1,1
23342303,1,0
23342364,1,0
23342368,1,1
23342522,1,1
23342527,1,0
23342557,1,0
23342560,1,1
23342619,1,1
23342655,1,0
23342688,1,1
23342719,1,0
23342784,1,1
23342844,1,1
23342875,1,1
23342910,1,1
23342911,1,0
23342941,1,0
23342944,1,1
23343007,1,0
23343227,1,0
23343296,1,1
23343355,1,1
23343360,1,0
23343393,1,1
23343421,1,1
23343520,1,0
23343553,1,1
23343580,1,1
23343611,1,1
23343677,1,1
23343708,1,1
23343712,1,0
23343739,1,0
23343805,1,0
23343932,1,0
23343963,1,0
23343994,1,0
23344001,1,1
23344064,1,0
23344285,1,0
23344289,1,1
23344320,1,0
23344353,1,1
23344413,1,1
23344417,1,0
23344448,1,0
23344450,1,1
23344575,1,1
23344606,1,1
23344641,1,0
23344674,1,1
23344734,1,1
23344769,1,0
23344802,1,1
23344833,1,0
23345021,1,0
23345052,1,0
23345058,1,1
23345121,1,0
23345276,1,0
23345311,1,0
23345342,1,0
23345410,1,1
23345466,1,1
23345474,1,0
23345501,1,0
23345507,1,1
23345691,1,1
23345698,1,0
23345722,1,0
23345731,1,1
23345788,1,1
23345819,1,1
23345826,1,0
23345850,1,0
23346051,1,1
23346074,1,1
23346082,1,0
23346105,1,0
23346115,1,1
23346178,1,0
23346396,1,0
23346467,1,1
23346524,1,1
23346531,1,0
23346559,1,0
23346564,1,1
23346748,1,1
23346755,1,0
23346779,1,0
23346788,1,1
23346845,1,1
23346883,1,0
23346916,1,1
23346947,1,0
23347012,1,1
23347070,1,1
23347101,1,1
23347132,1,1
23347139,1,0
23347163,1,0
23347172,1,1
23347235,1,0
23347453,1,0
23347524,1,1
23347581,1,1
23347616,1,1
23347806,1,1
23347837,1,1
23347903,1,1
23347934,1,1
23347965,1,1
23348031,1,1
23348158,1,1
23348189,1,1
23348220,1,1
23348511,1,1
23428309,0,1
23428375,1,1
23428638,1,1
23428704,1,1
23698322,0,1
23698387,1,1
23698649,1,1
23698715,1,1
23968352,0,1
23968418,1,1
23968678,1,1
23968744,1,1
24238361,0,1
24238426,1,1
24238690,1,1
24238752,1,1
24508397,0,1
24508463,1,1
24508725,1,1
24508791,1,1
24778396,0,1
24778461,1,1
24778726,1,1
24778792,1,1
25048406,0,1
25048472,1,1
25048736,1,1
25048798,1,1
25318421,0,1
25318486,1,1
25318747,1,1
25318812,1,1
25588447,0,1
25588513,1,1
25588777,1,1
25588839,1,1
25858480,0,1
25858546,1,1
25858810,1,1
25858872,1,1
26128482,0,1
26128548,1,1
26128808,1,1
26128874,1,1
26398513,0,1
26398579,1,1
26398840,1,1
26398905,1,1
26668509,0,1
26668575,1,1
26668835,1,1
26668901,1,1
26938524,0,1
26938590,1,1
26938853,1,1
26938919,1,1
27208535,0,1
27208600,1,1
27208860,1,1
27208926,1,1
27478565,0,1
27478631,1,1
27478896,1,1
27478962,1,1
27627520,1,1
